date,timestamp_queried,source_url,rows_matched
2022-01-01,20220101121500,http://data.gdeltproject.org/gdeltv2/20220101121500.gkg.csv.zip,93
2022-01-02,20220102121500,http://data.gdeltproject.org/gdeltv2/20220102121500.gkg.csv.zip,116
2022-01-03,20220103121500,http://data.gdeltproject.org/gdeltv2/20220103121500.gkg.csv.zip,190
2022-01-04,20220104121500,http://data.gdeltproject.org/gdeltv2/20220104121500.gkg.csv.zip,180
2022-01-05,20220105121500,http://data.gdeltproject.org/gdeltv2/20220105121500.gkg.csv.zip,286
2022-01-06,20220106121500,http://data.gdeltproject.org/gdeltv2/20220106121500.gkg.csv.zip,241
2022-01-07,20220107121500,http://data.gdeltproject.org/gdeltv2/20220107121500.gkg.csv.zip,291
2022-01-08,20220108121500,http://data.gdeltproject.org/gdeltv2/20220108121500.gkg.csv.zip,134
2022-01-09,20220109121500,http://data.gdeltproject.org/gdeltv2/20220109121500.gkg.csv.zip,160
2022-01-10,20220110121500,http://data.gdeltproject.org/gdeltv2/20220110121500.gkg.csv.zip,232
2022-01-11,20220111121500,http://data.gdeltproject.org/gdeltv2/20220111121500.gkg.csv.zip,252
2022-01-12,20220112121500,http://data.gdeltproject.org/gdeltv2/20220112121500.gkg.csv.zip,239
2022-01-13,20220113121500,http://data.gdeltproject.org/gdeltv2/20220113121500.gkg.csv.zip,246
2022-01-14,20220114121500,http://data.gdeltproject.org/gdeltv2/20220114121500.gkg.csv.zip,250
2022-01-15,20220115121500,http://data.gdeltproject.org/gdeltv2/20220115121500.gkg.csv.zip,133
2022-01-16,20220116121500,http://data.gdeltproject.org/gdeltv2/20220116121500.gkg.csv.zip,110
2022-01-17,20220117121500,http://data.gdeltproject.org/gdeltv2/20220117121500.gkg.csv.zip,229
2022-01-18,20220118121500,http://data.gdeltproject.org/gdeltv2/20220118121500.gkg.csv.zip,212
2022-01-19,20220119121500,http://data.gdeltproject.org/gdeltv2/20220119121500.gkg.csv.zip,238
2022-01-20,20220120121500,http://data.gdeltproject.org/gdeltv2/20220120121500.gkg.csv.zip,255
2022-01-21,20220121121500,http://data.gdeltproject.org/gdeltv2/20220121121500.gkg.csv.zip,183
2022-01-22,20220122121500,http://data.gdeltproject.org/gdeltv2/20220122121500.gkg.csv.zip,109
2022-01-23,20220123121500,http://data.gdeltproject.org/gdeltv2/20220123121500.gkg.csv.zip,123
2022-01-24,20220124121500,http://data.gdeltproject.org/gdeltv2/20220124121500.gkg.csv.zip,223
2022-01-25,20220125121500,http://data.gdeltproject.org/gdeltv2/20220125121500.gkg.csv.zip,233
2022-01-26,20220126121500,http://data.gdeltproject.org/gdeltv2/20220126121500.gkg.csv.zip,225
2022-01-27,20220127121500,http://data.gdeltproject.org/gdeltv2/20220127121500.gkg.csv.zip,247
2022-01-28,20220128121500,http://data.gdeltproject.org/gdeltv2/20220128121500.gkg.csv.zip,282
2022-01-29,20220129121500,http://data.gdeltproject.org/gdeltv2/20220129121500.gkg.csv.zip,143
2022-01-30,20220130121500,http://data.gdeltproject.org/gdeltv2/20220130121500.gkg.csv.zip,140
2022-01-31,20220131121500,http://data.gdeltproject.org/gdeltv2/20220131121500.gkg.csv.zip,280
2022-02-01,20220201121500,http://data.gdeltproject.org/gdeltv2/20220201121500.gkg.csv.zip,260
2022-02-02,20220202121500,http://data.gdeltproject.org/gdeltv2/20220202121500.gkg.csv.zip,244
2022-02-03,20220203121500,http://data.gdeltproject.org/gdeltv2/20220203121500.gkg.csv.zip,273
2022-02-04,20220204121500,http://data.gdeltproject.org/gdeltv2/20220204121500.gkg.csv.zip,222
2022-02-05,20220205121500,http://data.gdeltproject.org/gdeltv2/20220205121500.gkg.csv.zip,130
2022-02-06,20220206121500,http://data.gdeltproject.org/gdeltv2/20220206121500.gkg.csv.zip,88
2022-02-07,20220207121500,http://data.gdeltproject.org/gdeltv2/20220207121500.gkg.csv.zip,220
2022-02-08,20220208121500,http://data.gdeltproject.org/gdeltv2/20220208121500.gkg.csv.zip,219
2022-02-09,20220209121500,http://data.gdeltproject.org/gdeltv2/20220209121500.gkg.csv.zip,237
2022-02-10,20220210121500,http://data.gdeltproject.org/gdeltv2/20220210121500.gkg.csv.zip,296
2022-02-11,20220211121500,http://data.gdeltproject.org/gdeltv2/20220211121500.gkg.csv.zip,232
2022-02-12,20220212121500,http://data.gdeltproject.org/gdeltv2/20220212121500.gkg.csv.zip,219
2022-02-13,20220213121500,http://data.gdeltproject.org/gdeltv2/20220213121500.gkg.csv.zip,119
2022-02-14,20220214121500,http://data.gdeltproject.org/gdeltv2/20220214121500.gkg.csv.zip,182
2022-02-15,20220215121500,http://data.gdeltproject.org/gdeltv2/20220215121500.gkg.csv.zip,207
2022-02-16,20220216121500,http://data.gdeltproject.org/gdeltv2/20220216121500.gkg.csv.zip,203
2022-02-17,20220217121500,http://data.gdeltproject.org/gdeltv2/20220217121500.gkg.csv.zip,251
2022-02-18,20220218121500,http://data.gdeltproject.org/gdeltv2/20220218121500.gkg.csv.zip,190
2022-02-19,20220219121500,http://data.gdeltproject.org/gdeltv2/20220219121500.gkg.csv.zip,84
2022-02-20,20220220121500,http://data.gdeltproject.org/gdeltv2/20220220121500.gkg.csv.zip,87
2022-02-21,20220221121500,http://data.gdeltproject.org/gdeltv2/20220221121500.gkg.csv.zip,186
2022-02-22,20220222121500,http://data.gdeltproject.org/gdeltv2/20220222121500.gkg.csv.zip,152
2022-02-23,20220223121500,http://data.gdeltproject.org/gdeltv2/20220223121500.gkg.csv.zip,222
2022-02-24,20220224121500,http://data.gdeltproject.org/gdeltv2/20220224121500.gkg.csv.zip,217
2022-02-25,20220225121500,http://data.gdeltproject.org/gdeltv2/20220225121500.gkg.csv.zip,217
2022-02-26,20220226121500,http://data.gdeltproject.org/gdeltv2/20220226121500.gkg.csv.zip,105
2022-02-27,20220227121500,http://data.gdeltproject.org/gdeltv2/20220227121500.gkg.csv.zip,98
2022-02-28,20220228121500,http://data.gdeltproject.org/gdeltv2/20220228121500.gkg.csv.zip,159
2022-03-01,20220301121500,http://data.gdeltproject.org/gdeltv2/20220301121500.gkg.csv.zip,172
2022-03-02,20220302121500,http://data.gdeltproject.org/gdeltv2/20220302121500.gkg.csv.zip,211
2022-03-03,20220303121500,http://data.gdeltproject.org/gdeltv2/20220303121500.gkg.csv.zip,150
2022-03-04,20220304121500,http://data.gdeltproject.org/gdeltv2/20220304121500.gkg.csv.zip,145
2022-03-05,20220305121500,http://data.gdeltproject.org/gdeltv2/20220305121500.gkg.csv.zip,99
2022-03-06,20220306121500,http://data.gdeltproject.org/gdeltv2/20220306121500.gkg.csv.zip,60
2022-03-07,20220307121500,http://data.gdeltproject.org/gdeltv2/20220307121500.gkg.csv.zip,161
2022-03-08,20220308121500,http://data.gdeltproject.org/gdeltv2/20220308121500.gkg.csv.zip,213
2022-03-09,20220309121500,http://data.gdeltproject.org/gdeltv2/20220309121500.gkg.csv.zip,189
2022-03-10,20220310121500,http://data.gdeltproject.org/gdeltv2/20220310121500.gkg.csv.zip,244
2022-03-11,20220311121500,http://data.gdeltproject.org/gdeltv2/20220311121500.gkg.csv.zip,227
2022-03-12,20220312121500,http://data.gdeltproject.org/gdeltv2/20220312121500.gkg.csv.zip,97
2022-03-13,20220313121500,http://data.gdeltproject.org/gdeltv2/20220313121500.gkg.csv.zip,98
2022-03-14,20220314121500,http://data.gdeltproject.org/gdeltv2/20220314121500.gkg.csv.zip,216
2022-03-15,20220315121500,http://data.gdeltproject.org/gdeltv2/20220315121500.gkg.csv.zip,234
2022-03-16,20220316121500,http://data.gdeltproject.org/gdeltv2/20220316121500.gkg.csv.zip,236
2022-03-17,20220317121500,http://data.gdeltproject.org/gdeltv2/20220317121500.gkg.csv.zip,300
2022-03-18,20220318121500,http://data.gdeltproject.org/gdeltv2/20220318121500.gkg.csv.zip,184
2022-03-19,20220319121500,http://data.gdeltproject.org/gdeltv2/20220319121500.gkg.csv.zip,87
2022-03-20,20220320121500,http://data.gdeltproject.org/gdeltv2/20220320121500.gkg.csv.zip,134
2022-03-21,20220321121500,http://data.gdeltproject.org/gdeltv2/20220321121500.gkg.csv.zip,225
2022-03-22,20220322121500,http://data.gdeltproject.org/gdeltv2/20220322121500.gkg.csv.zip,165
2022-03-23,20220323121500,http://data.gdeltproject.org/gdeltv2/20220323121500.gkg.csv.zip,175
2022-03-24,20220324121500,http://data.gdeltproject.org/gdeltv2/20220324121500.gkg.csv.zip,195
2022-03-25,20220325121500,http://data.gdeltproject.org/gdeltv2/20220325121500.gkg.csv.zip,172
2022-03-26,20220326121500,http://data.gdeltproject.org/gdeltv2/20220326121500.gkg.csv.zip,75
2022-03-27,20220327121500,http://data.gdeltproject.org/gdeltv2/20220327121500.gkg.csv.zip,107
2022-03-28,20220328121500,http://data.gdeltproject.org/gdeltv2/20220328121500.gkg.csv.zip,215
2022-03-29,20220329121500,http://data.gdeltproject.org/gdeltv2/20220329121500.gkg.csv.zip,165
2022-03-30,20220330121500,http://data.gdeltproject.org/gdeltv2/20220330121500.gkg.csv.zip,232
2022-03-31,20220331121500,http://data.gdeltproject.org/gdeltv2/20220331121500.gkg.csv.zip,210
2022-04-01,20220401121500,http://data.gdeltproject.org/gdeltv2/20220401121500.gkg.csv.zip,149
2022-04-02,20220402121500,http://data.gdeltproject.org/gdeltv2/20220402121500.gkg.csv.zip,116
2022-04-03,20220403121500,http://data.gdeltproject.org/gdeltv2/20220403121500.gkg.csv.zip,83
2022-04-04,20220404121500,http://data.gdeltproject.org/gdeltv2/20220404121500.gkg.csv.zip,176
2022-04-05,20220405121500,http://data.gdeltproject.org/gdeltv2/20220405121500.gkg.csv.zip,170
2022-04-06,20220406121500,http://data.gdeltproject.org/gdeltv2/20220406121500.gkg.csv.zip,226
2022-04-07,20220407121500,http://data.gdeltproject.org/gdeltv2/20220407121500.gkg.csv.zip,198
2022-04-08,20220408121500,http://data.gdeltproject.org/gdeltv2/20220408121500.gkg.csv.zip,160
2022-04-09,20220409121500,http://data.gdeltproject.org/gdeltv2/20220409121500.gkg.csv.zip,109
2022-04-10,20220410121500,http://data.gdeltproject.org/gdeltv2/20220410121500.gkg.csv.zip,78
2022-04-11,20220411121500,http://data.gdeltproject.org/gdeltv2/20220411121500.gkg.csv.zip,197
2022-04-12,20220412121500,http://data.gdeltproject.org/gdeltv2/20220412121500.gkg.csv.zip,192
2022-04-13,20220413121500,http://data.gdeltproject.org/gdeltv2/20220413121500.gkg.csv.zip,201
2022-04-14,20220414121500,http://data.gdeltproject.org/gdeltv2/20220414121500.gkg.csv.zip,220
2022-04-15,20220415121500,http://data.gdeltproject.org/gdeltv2/20220415121500.gkg.csv.zip,99
2022-04-16,20220416121500,http://data.gdeltproject.org/gdeltv2/20220416121500.gkg.csv.zip,68
2022-04-17,20220417121500,http://data.gdeltproject.org/gdeltv2/20220417121500.gkg.csv.zip,72
2022-04-18,20220418121500,http://data.gdeltproject.org/gdeltv2/20220418121500.gkg.csv.zip,149
2022-04-19,20220419121500,http://data.gdeltproject.org/gdeltv2/20220419121500.gkg.csv.zip,241
2022-04-20,20220420121500,http://data.gdeltproject.org/gdeltv2/20220420121500.gkg.csv.zip,201
2022-04-21,20220421121500,http://data.gdeltproject.org/gdeltv2/20220421121500.gkg.csv.zip,240
2022-04-22,20220422121500,http://data.gdeltproject.org/gdeltv2/20220422121500.gkg.csv.zip,180
2022-04-23,20220423121500,http://data.gdeltproject.org/gdeltv2/20220423121500.gkg.csv.zip,102
2022-04-24,20220424121500,http://data.gdeltproject.org/gdeltv2/20220424121500.gkg.csv.zip,99
2022-04-25,20220425121500,http://data.gdeltproject.org/gdeltv2/20220425121500.gkg.csv.zip,161
2022-04-26,20220426121500,http://data.gdeltproject.org/gdeltv2/20220426121500.gkg.csv.zip,245
2022-04-27,20220427121500,http://data.gdeltproject.org/gdeltv2/20220427121500.gkg.csv.zip,228
2022-04-28,20220428121500,http://data.gdeltproject.org/gdeltv2/20220428121500.gkg.csv.zip,253
2022-04-29,20220429121500,http://data.gdeltproject.org/gdeltv2/20220429121500.gkg.csv.zip,194
2022-04-30,20220430121500,http://data.gdeltproject.org/gdeltv2/20220430121500.gkg.csv.zip,99
2022-05-01,20220501121500,http://data.gdeltproject.org/gdeltv2/20220501121500.gkg.csv.zip,92
2022-05-02,20220502121500,http://data.gdeltproject.org/gdeltv2/20220502121500.gkg.csv.zip,161
2022-05-03,20220503121500,http://data.gdeltproject.org/gdeltv2/20220503121500.gkg.csv.zip,169
2022-05-04,20220504121500,http://data.gdeltproject.org/gdeltv2/20220504121500.gkg.csv.zip,231
2022-05-05,20220505121500,http://data.gdeltproject.org/gdeltv2/20220505121500.gkg.csv.zip,231
2022-05-06,20220506121500,http://data.gdeltproject.org/gdeltv2/20220506121500.gkg.csv.zip,174
2022-05-07,20220507121500,http://data.gdeltproject.org/gdeltv2/20220507121500.gkg.csv.zip,69
2022-05-08,20220508121500,http://data.gdeltproject.org/gdeltv2/20220508121500.gkg.csv.zip,102
2022-05-09,20220509121500,http://data.gdeltproject.org/gdeltv2/20220509121500.gkg.csv.zip,172
2022-05-10,20220510121500,http://data.gdeltproject.org/gdeltv2/20220510121500.gkg.csv.zip,237
2022-05-11,20220511121500,http://data.gdeltproject.org/gdeltv2/20220511121500.gkg.csv.zip,258
2022-05-12,20220512121500,http://data.gdeltproject.org/gdeltv2/20220512121500.gkg.csv.zip,256
2022-05-13,20220513121500,http://data.gdeltproject.org/gdeltv2/20220513121500.gkg.csv.zip,181
2022-05-14,20220514121500,http://data.gdeltproject.org/gdeltv2/20220514121500.gkg.csv.zip,106
2022-05-15,20220515121500,http://data.gdeltproject.org/gdeltv2/20220515121500.gkg.csv.zip,73
2022-05-16,20220516121500,http://data.gdeltproject.org/gdeltv2/20220516121500.gkg.csv.zip,148
2022-05-17,20220517121500,http://data.gdeltproject.org/gdeltv2/20220517121500.gkg.csv.zip,193
2022-05-18,20220518121500,http://data.gdeltproject.org/gdeltv2/20220518121500.gkg.csv.zip,161
2022-05-19,20220519121500,http://data.gdeltproject.org/gdeltv2/20220519121500.gkg.csv.zip,164
2022-05-20,20220520121500,http://data.gdeltproject.org/gdeltv2/20220520121500.gkg.csv.zip,154
2022-05-21,20220521121500,http://data.gdeltproject.org/gdeltv2/20220521121500.gkg.csv.zip,85
2022-05-22,20220522121500,http://data.gdeltproject.org/gdeltv2/20220522121500.gkg.csv.zip,69
2022-05-23,20220523121500,http://data.gdeltproject.org/gdeltv2/20220523121500.gkg.csv.zip,290
2022-05-24,20220524121500,http://data.gdeltproject.org/gdeltv2/20220524121500.gkg.csv.zip,157
2022-05-25,20220525121500,http://data.gdeltproject.org/gdeltv2/20220525121500.gkg.csv.zip,165
2022-05-26,20220526121500,http://data.gdeltproject.org/gdeltv2/20220526121500.gkg.csv.zip,214
2022-05-27,20220527121500,http://data.gdeltproject.org/gdeltv2/20220527121500.gkg.csv.zip,193
2022-05-28,20220528121500,http://data.gdeltproject.org/gdeltv2/20220528121500.gkg.csv.zip,162
2022-05-29,20220529121500,http://data.gdeltproject.org/gdeltv2/20220529121500.gkg.csv.zip,79
2022-05-30,20220530121500,http://data.gdeltproject.org/gdeltv2/20220530121500.gkg.csv.zip,128
2022-05-31,20220531121500,http://data.gdeltproject.org/gdeltv2/20220531121500.gkg.csv.zip,213
2022-06-01,20220601121500,http://data.gdeltproject.org/gdeltv2/20220601121500.gkg.csv.zip,192
2022-06-02,20220602121500,http://data.gdeltproject.org/gdeltv2/20220602121500.gkg.csv.zip,164
2022-06-03,20220603121500,http://data.gdeltproject.org/gdeltv2/20220603121500.gkg.csv.zip,141
2022-06-04,20220604121500,http://data.gdeltproject.org/gdeltv2/20220604121500.gkg.csv.zip,72
2022-06-05,20220605121500,http://data.gdeltproject.org/gdeltv2/20220605121500.gkg.csv.zip,98
2022-06-06,20220606121500,http://data.gdeltproject.org/gdeltv2/20220606121500.gkg.csv.zip,184
2022-06-07,20220607121500,http://data.gdeltproject.org/gdeltv2/20220607121500.gkg.csv.zip,135
2022-06-08,20220608121500,http://data.gdeltproject.org/gdeltv2/20220608121500.gkg.csv.zip,161
2022-06-09,20220609121500,http://data.gdeltproject.org/gdeltv2/20220609121500.gkg.csv.zip,175
2022-06-10,20220610121500,http://data.gdeltproject.org/gdeltv2/20220610121500.gkg.csv.zip,150
2022-06-11,20220611121500,http://data.gdeltproject.org/gdeltv2/20220611121500.gkg.csv.zip,86
2022-06-12,20220612121500,http://data.gdeltproject.org/gdeltv2/20220612121500.gkg.csv.zip,73
2022-06-13,20220613121500,http://data.gdeltproject.org/gdeltv2/20220613121500.gkg.csv.zip,185
2022-06-14,20220614121500,http://data.gdeltproject.org/gdeltv2/20220614121500.gkg.csv.zip,177
2022-06-15,20220615121500,http://data.gdeltproject.org/gdeltv2/20220615121500.gkg.csv.zip,181
2022-06-16,20220616121500,http://data.gdeltproject.org/gdeltv2/20220616121500.gkg.csv.zip,158
2022-06-17,20220617121500,http://data.gdeltproject.org/gdeltv2/20220617121500.gkg.csv.zip,141
2022-06-18,20220618121500,http://data.gdeltproject.org/gdeltv2/20220618121500.gkg.csv.zip,61
2022-06-19,20220619121500,http://data.gdeltproject.org/gdeltv2/20220619121500.gkg.csv.zip,92
2022-06-20,20220620121500,http://data.gdeltproject.org/gdeltv2/20220620121500.gkg.csv.zip,169
2022-06-21,20220621121500,http://data.gdeltproject.org/gdeltv2/20220621121500.gkg.csv.zip,155
2022-06-22,20220622121500,http://data.gdeltproject.org/gdeltv2/20220622121500.gkg.csv.zip,183
2022-06-23,20220623121500,http://data.gdeltproject.org/gdeltv2/20220623121500.gkg.csv.zip,187
2022-06-24,20220624121500,http://data.gdeltproject.org/gdeltv2/20220624121500.gkg.csv.zip,150
2022-06-25,20220625121500,http://data.gdeltproject.org/gdeltv2/20220625121500.gkg.csv.zip,82
2022-06-26,20220626121500,http://data.gdeltproject.org/gdeltv2/20220626121500.gkg.csv.zip,86
2022-06-27,20220627121500,http://data.gdeltproject.org/gdeltv2/20220627121500.gkg.csv.zip,154
2022-06-28,20220628121500,http://data.gdeltproject.org/gdeltv2/20220628121500.gkg.csv.zip,144
2022-06-29,20220629121500,http://data.gdeltproject.org/gdeltv2/20220629121500.gkg.csv.zip,154
2022-06-30,20220630121500,http://data.gdeltproject.org/gdeltv2/20220630121500.gkg.csv.zip,182
2022-07-01,20220701121500,http://data.gdeltproject.org/gdeltv2/20220701121500.gkg.csv.zip,135
2022-07-02,20220702121500,http://data.gdeltproject.org/gdeltv2/20220702121500.gkg.csv.zip,84
2022-07-03,20220703121500,http://data.gdeltproject.org/gdeltv2/20220703121500.gkg.csv.zip,69
2022-07-04,20220704121500,http://data.gdeltproject.org/gdeltv2/20220704121500.gkg.csv.zip,129
2022-07-05,20220705121500,http://data.gdeltproject.org/gdeltv2/20220705121500.gkg.csv.zip,132
2022-07-06,20220706121500,http://data.gdeltproject.org/gdeltv2/20220706121500.gkg.csv.zip,182
2022-07-07,20220707121500,http://data.gdeltproject.org/gdeltv2/20220707121500.gkg.csv.zip,239
2022-07-08,20220708121500,http://data.gdeltproject.org/gdeltv2/20220708121500.gkg.csv.zip,172
2022-07-09,20220709121500,http://data.gdeltproject.org/gdeltv2/20220709121500.gkg.csv.zip,79
2022-07-10,20220710121500,http://data.gdeltproject.org/gdeltv2/20220710121500.gkg.csv.zip,56
2022-07-11,20220711121500,http://data.gdeltproject.org/gdeltv2/20220711121500.gkg.csv.zip,143
2022-07-12,20220712121500,http://data.gdeltproject.org/gdeltv2/20220712121500.gkg.csv.zip,156
2022-07-13,20220713121500,http://data.gdeltproject.org/gdeltv2/20220713121500.gkg.csv.zip,171
2022-07-14,20220714121500,http://data.gdeltproject.org/gdeltv2/20220714121500.gkg.csv.zip,169
2022-07-15,20220715121500,http://data.gdeltproject.org/gdeltv2/20220715121500.gkg.csv.zip,160
2022-07-16,20220716121500,http://data.gdeltproject.org/gdeltv2/20220716121500.gkg.csv.zip,70
2022-07-17,20220717121500,http://data.gdeltproject.org/gdeltv2/20220717121500.gkg.csv.zip,106
2022-07-18,20220718121500,http://data.gdeltproject.org/gdeltv2/20220718121500.gkg.csv.zip,154
2022-07-19,20220719121500,http://data.gdeltproject.org/gdeltv2/20220719121500.gkg.csv.zip,193
2022-07-20,20220720121500,http://data.gdeltproject.org/gdeltv2/20220720121500.gkg.csv.zip,161
2022-07-21,20220721121500,http://data.gdeltproject.org/gdeltv2/20220721121500.gkg.csv.zip,159
2022-07-22,20220722121500,http://data.gdeltproject.org/gdeltv2/20220722121500.gkg.csv.zip,151
2022-07-23,20220723121500,http://data.gdeltproject.org/gdeltv2/20220723121500.gkg.csv.zip,76
2022-07-24,20220724121500,http://data.gdeltproject.org/gdeltv2/20220724121500.gkg.csv.zip,56
2022-07-25,20220725121500,http://data.gdeltproject.org/gdeltv2/20220725121500.gkg.csv.zip,160
2022-07-26,20220726121500,http://data.gdeltproject.org/gdeltv2/20220726121500.gkg.csv.zip,168
2022-07-27,20220727121500,http://data.gdeltproject.org/gdeltv2/20220727121500.gkg.csv.zip,174
2022-07-28,20220728121500,http://data.gdeltproject.org/gdeltv2/20220728121500.gkg.csv.zip,177
2022-07-29,20220729121500,http://data.gdeltproject.org/gdeltv2/20220729121500.gkg.csv.zip,110
2022-07-30,20220730121500,http://data.gdeltproject.org/gdeltv2/20220730121500.gkg.csv.zip,58
2022-07-31,20220731121500,http://data.gdeltproject.org/gdeltv2/20220731121500.gkg.csv.zip,68
2022-08-01,20220801121500,http://data.gdeltproject.org/gdeltv2/20220801121500.gkg.csv.zip,196
2022-08-02,20220802121500,http://data.gdeltproject.org/gdeltv2/20220802121500.gkg.csv.zip,225
2022-08-03,20220803121500,http://data.gdeltproject.org/gdeltv2/20220803121500.gkg.csv.zip,162
2022-08-04,20220804121500,http://data.gdeltproject.org/gdeltv2/20220804121500.gkg.csv.zip,195
2022-08-05,20220805121500,http://data.gdeltproject.org/gdeltv2/20220805121500.gkg.csv.zip,238
2022-08-06,20220806121500,http://data.gdeltproject.org/gdeltv2/20220806121500.gkg.csv.zip,124
2022-08-07,20220807121500,http://data.gdeltproject.org/gdeltv2/20220807121500.gkg.csv.zip,73
2022-08-08,20220808121500,http://data.gdeltproject.org/gdeltv2/20220808121500.gkg.csv.zip,161
2022-08-09,20220809121500,http://data.gdeltproject.org/gdeltv2/20220809121500.gkg.csv.zip,124
2022-08-10,20220810121500,http://data.gdeltproject.org/gdeltv2/20220810121500.gkg.csv.zip,132
2022-08-11,20220811121500,http://data.gdeltproject.org/gdeltv2/20220811121500.gkg.csv.zip,140
2022-08-12,20220812121500,http://data.gdeltproject.org/gdeltv2/20220812121500.gkg.csv.zip,151
2022-08-13,20220813121500,http://data.gdeltproject.org/gdeltv2/20220813121500.gkg.csv.zip,83
2022-08-14,20220814121500,http://data.gdeltproject.org/gdeltv2/20220814121500.gkg.csv.zip,69
2022-08-15,20220815121500,http://data.gdeltproject.org/gdeltv2/20220815121500.gkg.csv.zip,145
2022-08-16,20220816121500,http://data.gdeltproject.org/gdeltv2/20220816121500.gkg.csv.zip,147
2022-08-17,20220817121500,http://data.gdeltproject.org/gdeltv2/20220817121500.gkg.csv.zip,159
2022-08-18,20220818121500,http://data.gdeltproject.org/gdeltv2/20220818121500.gkg.csv.zip,169
2022-08-19,20220819121500,http://data.gdeltproject.org/gdeltv2/20220819121500.gkg.csv.zip,148
2022-08-20,20220820121500,http://data.gdeltproject.org/gdeltv2/20220820121500.gkg.csv.zip,55
2022-08-21,20220821121500,http://data.gdeltproject.org/gdeltv2/20220821121500.gkg.csv.zip,64
2022-08-22,20220822121500,http://data.gdeltproject.org/gdeltv2/20220822121500.gkg.csv.zip,97
2022-08-23,20220823121500,http://data.gdeltproject.org/gdeltv2/20220823121500.gkg.csv.zip,204
2022-08-24,20220824121500,http://data.gdeltproject.org/gdeltv2/20220824121500.gkg.csv.zip,150
2022-08-25,20220825121500,http://data.gdeltproject.org/gdeltv2/20220825121500.gkg.csv.zip,166
2022-08-26,20220826121500,http://data.gdeltproject.org/gdeltv2/20220826121500.gkg.csv.zip,151
2022-08-27,20220827121500,http://data.gdeltproject.org/gdeltv2/20220827121500.gkg.csv.zip,61
2022-08-28,20220828121500,http://data.gdeltproject.org/gdeltv2/20220828121500.gkg.csv.zip,95
2022-08-29,20220829121500,http://data.gdeltproject.org/gdeltv2/20220829121500.gkg.csv.zip,149
2022-08-30,20220830121500,http://data.gdeltproject.org/gdeltv2/20220830121500.gkg.csv.zip,137
2022-08-31,20220831121500,http://data.gdeltproject.org/gdeltv2/20220831121500.gkg.csv.zip,138
2022-09-01,20220901121500,http://data.gdeltproject.org/gdeltv2/20220901121500.gkg.csv.zip,142
2022-09-02,20220902121500,http://data.gdeltproject.org/gdeltv2/20220902121500.gkg.csv.zip,110
2022-09-03,20220903121500,http://data.gdeltproject.org/gdeltv2/20220903121500.gkg.csv.zip,62
2022-09-04,20220904121500,http://data.gdeltproject.org/gdeltv2/20220904121500.gkg.csv.zip,63
2022-09-05,20220905121500,http://data.gdeltproject.org/gdeltv2/20220905121500.gkg.csv.zip,127
2022-09-06,20220906121500,http://data.gdeltproject.org/gdeltv2/20220906121500.gkg.csv.zip,166
2022-09-07,20220907121500,http://data.gdeltproject.org/gdeltv2/20220907121500.gkg.csv.zip,152
2022-09-08,20220908121500,http://data.gdeltproject.org/gdeltv2/20220908121500.gkg.csv.zip,140
2022-09-09,20220909121500,http://data.gdeltproject.org/gdeltv2/20220909121500.gkg.csv.zip,89
2022-09-10,20220910121500,http://data.gdeltproject.org/gdeltv2/20220910121500.gkg.csv.zip,54
2022-09-11,20220911121500,http://data.gdeltproject.org/gdeltv2/20220911121500.gkg.csv.zip,47
2022-09-12,20220912121500,http://data.gdeltproject.org/gdeltv2/20220912121500.gkg.csv.zip,138
2022-09-13,20220913121500,http://data.gdeltproject.org/gdeltv2/20220913121500.gkg.csv.zip,175
2022-09-14,20220914121500,http://data.gdeltproject.org/gdeltv2/20220914121500.gkg.csv.zip,131
2022-09-15,20220915121500,http://data.gdeltproject.org/gdeltv2/20220915121500.gkg.csv.zip,193
2022-09-16,20220916121500,http://data.gdeltproject.org/gdeltv2/20220916121500.gkg.csv.zip,129
2022-09-17,20220917121500,http://data.gdeltproject.org/gdeltv2/20220917121500.gkg.csv.zip,40
2022-09-18,20220918121500,http://data.gdeltproject.org/gdeltv2/20220918121500.gkg.csv.zip,50
2022-09-19,20220919121500,http://data.gdeltproject.org/gdeltv2/20220919121500.gkg.csv.zip,119
2022-09-20,20220920121500,http://data.gdeltproject.org/gdeltv2/20220920121500.gkg.csv.zip,101
2022-09-21,20220921121500,http://data.gdeltproject.org/gdeltv2/20220921121500.gkg.csv.zip,154
2022-09-22,20220922121500,http://data.gdeltproject.org/gdeltv2/20220922121500.gkg.csv.zip,142
2022-09-23,20220923121500,http://data.gdeltproject.org/gdeltv2/20220923121500.gkg.csv.zip,158
2022-09-24,20220924121500,http://data.gdeltproject.org/gdeltv2/20220924121500.gkg.csv.zip,60
2022-09-25,20220925121500,http://data.gdeltproject.org/gdeltv2/20220925121500.gkg.csv.zip,49
2022-09-26,20220926121500,http://data.gdeltproject.org/gdeltv2/20220926121500.gkg.csv.zip,113
2022-09-27,20220927121500,http://data.gdeltproject.org/gdeltv2/20220927121500.gkg.csv.zip,118
2022-09-28,20220928121500,http://data.gdeltproject.org/gdeltv2/20220928121500.gkg.csv.zip,124
2022-09-29,20220929121500,http://data.gdeltproject.org/gdeltv2/20220929121500.gkg.csv.zip,150
2022-09-30,20220930121500,http://data.gdeltproject.org/gdeltv2/20220930121500.gkg.csv.zip,133
2022-10-01,20221001121500,http://data.gdeltproject.org/gdeltv2/20221001121500.gkg.csv.zip,87
2022-10-02,20221002121500,http://data.gdeltproject.org/gdeltv2/20221002121500.gkg.csv.zip,75
2022-10-03,20221003121500,http://data.gdeltproject.org/gdeltv2/20221003121500.gkg.csv.zip,95
2022-10-04,20221004121500,http://data.gdeltproject.org/gdeltv2/20221004121500.gkg.csv.zip,100
2022-10-05,20221005121500,http://data.gdeltproject.org/gdeltv2/20221005121500.gkg.csv.zip,132
2022-10-06,20221006121500,http://data.gdeltproject.org/gdeltv2/20221006121500.gkg.csv.zip,152
2022-10-07,20221007121500,http://data.gdeltproject.org/gdeltv2/20221007121500.gkg.csv.zip,130
2022-10-08,20221008121500,http://data.gdeltproject.org/gdeltv2/20221008121500.gkg.csv.zip,53
2022-10-09,20221009121500,http://data.gdeltproject.org/gdeltv2/20221009121500.gkg.csv.zip,66
2022-10-10,20221010121500,http://data.gdeltproject.org/gdeltv2/20221010121500.gkg.csv.zip,128
2022-10-11,20221011121500,http://data.gdeltproject.org/gdeltv2/20221011121500.gkg.csv.zip,139
2022-10-12,20221012121500,http://data.gdeltproject.org/gdeltv2/20221012121500.gkg.csv.zip,179
2022-10-13,20221013121500,http://data.gdeltproject.org/gdeltv2/20221013121500.gkg.csv.zip,169
2022-10-14,20221014121500,http://data.gdeltproject.org/gdeltv2/20221014121500.gkg.csv.zip,120
2022-10-15,20221015121500,http://data.gdeltproject.org/gdeltv2/20221015121500.gkg.csv.zip,45
2022-10-16,20221016121500,http://data.gdeltproject.org/gdeltv2/20221016121500.gkg.csv.zip,85
2022-10-17,20221017121500,http://data.gdeltproject.org/gdeltv2/20221017121500.gkg.csv.zip,127
2022-10-18,20221018121500,http://data.gdeltproject.org/gdeltv2/20221018121500.gkg.csv.zip,103
2022-10-19,20221019121500,http://data.gdeltproject.org/gdeltv2/20221019121500.gkg.csv.zip,144
2022-10-20,20221020121500,http://data.gdeltproject.org/gdeltv2/20221020121500.gkg.csv.zip,148
2022-10-21,20221021121500,http://data.gdeltproject.org/gdeltv2/20221021121500.gkg.csv.zip,163
2022-10-22,20221022121500,http://data.gdeltproject.org/gdeltv2/20221022121500.gkg.csv.zip,96
2022-10-23,20221023121500,http://data.gdeltproject.org/gdeltv2/20221023121500.gkg.csv.zip,70
2022-10-24,20221024121500,http://data.gdeltproject.org/gdeltv2/20221024121500.gkg.csv.zip,178
2022-10-25,20221025121500,http://data.gdeltproject.org/gdeltv2/20221025121500.gkg.csv.zip,163
2022-10-26,20221026121500,http://data.gdeltproject.org/gdeltv2/20221026121500.gkg.csv.zip,134
2022-10-27,20221027121500,http://data.gdeltproject.org/gdeltv2/20221027121500.gkg.csv.zip,161
2022-10-28,20221028121500,http://data.gdeltproject.org/gdeltv2/20221028121500.gkg.csv.zip,177
2022-10-29,20221029121500,http://data.gdeltproject.org/gdeltv2/20221029121500.gkg.csv.zip,43
2022-10-30,20221030121500,http://data.gdeltproject.org/gdeltv2/20221030121500.gkg.csv.zip,85
2022-10-31,20221031121500,http://data.gdeltproject.org/gdeltv2/20221031121500.gkg.csv.zip,128
2022-11-01,20221101121500,http://data.gdeltproject.org/gdeltv2/20221101121500.gkg.csv.zip,133
2022-11-02,20221102121500,http://data.gdeltproject.org/gdeltv2/20221102121500.gkg.csv.zip,180
2022-11-03,20221103121500,http://data.gdeltproject.org/gdeltv2/20221103121500.gkg.csv.zip,146
2022-11-04,20221104121500,http://data.gdeltproject.org/gdeltv2/20221104121500.gkg.csv.zip,120
2022-11-05,20221105121500,http://data.gdeltproject.org/gdeltv2/20221105121500.gkg.csv.zip,49
2022-11-06,20221106121500,http://data.gdeltproject.org/gdeltv2/20221106121500.gkg.csv.zip,72
2022-11-07,20221107121500,http://data.gdeltproject.org/gdeltv2/20221107121500.gkg.csv.zip,107
2022-11-08,20221108121500,http://data.gdeltproject.org/gdeltv2/20221108121500.gkg.csv.zip,137
2022-11-09,20221109121500,http://data.gdeltproject.org/gdeltv2/20221109121500.gkg.csv.zip,176
2022-11-10,20221110121500,http://data.gdeltproject.org/gdeltv2/20221110121500.gkg.csv.zip,111
2022-11-11,20221111121500,http://data.gdeltproject.org/gdeltv2/20221111121500.gkg.csv.zip,0
2022-11-12,20221112121500,http://data.gdeltproject.org/gdeltv2/20221112121500.gkg.csv.zip,63
2022-11-13,20221113121500,http://data.gdeltproject.org/gdeltv2/20221113121500.gkg.csv.zip,46
2022-11-14,20221114121500,http://data.gdeltproject.org/gdeltv2/20221114121500.gkg.csv.zip,99
2022-11-15,20221115121500,http://data.gdeltproject.org/gdeltv2/20221115121500.gkg.csv.zip,138
2022-11-16,20221116121500,http://data.gdeltproject.org/gdeltv2/20221116121500.gkg.csv.zip,133
2022-11-17,20221117121500,http://data.gdeltproject.org/gdeltv2/20221117121500.gkg.csv.zip,130
2022-11-18,20221118121500,http://data.gdeltproject.org/gdeltv2/20221118121500.gkg.csv.zip,118
2022-11-19,20221119121500,http://data.gdeltproject.org/gdeltv2/20221119121500.gkg.csv.zip,54
2022-11-20,20221120121500,http://data.gdeltproject.org/gdeltv2/20221120121500.gkg.csv.zip,38
2022-11-21,20221121121500,http://data.gdeltproject.org/gdeltv2/20221121121500.gkg.csv.zip,122
2022-11-22,20221122121500,http://data.gdeltproject.org/gdeltv2/20221122121500.gkg.csv.zip,110
2022-11-23,20221123121500,http://data.gdeltproject.org/gdeltv2/20221123121500.gkg.csv.zip,160
2022-11-24,20221124121500,http://data.gdeltproject.org/gdeltv2/20221124121500.gkg.csv.zip,96
2022-11-25,20221125121500,http://data.gdeltproject.org/gdeltv2/20221125121500.gkg.csv.zip,144
2022-11-26,20221126121500,http://data.gdeltproject.org/gdeltv2/20221126121500.gkg.csv.zip,69
2022-11-27,20221127121500,http://data.gdeltproject.org/gdeltv2/20221127121500.gkg.csv.zip,67
2022-11-28,20221128121500,http://data.gdeltproject.org/gdeltv2/20221128121500.gkg.csv.zip,81
2022-11-29,20221129121500,http://data.gdeltproject.org/gdeltv2/20221129121500.gkg.csv.zip,122
2022-11-30,20221130121500,http://data.gdeltproject.org/gdeltv2/20221130121500.gkg.csv.zip,155
2022-12-01,20221201121500,http://data.gdeltproject.org/gdeltv2/20221201121500.gkg.csv.zip,109
2022-12-02,20221202121500,http://data.gdeltproject.org/gdeltv2/20221202121500.gkg.csv.zip,141
2022-12-03,20221203121500,http://data.gdeltproject.org/gdeltv2/20221203121500.gkg.csv.zip,66
2022-12-04,20221204121500,http://data.gdeltproject.org/gdeltv2/20221204121500.gkg.csv.zip,50
2022-12-05,20221205121500,http://data.gdeltproject.org/gdeltv2/20221205121500.gkg.csv.zip,119
2022-12-06,20221206121500,http://data.gdeltproject.org/gdeltv2/20221206121500.gkg.csv.zip,131
2022-12-07,20221207121500,http://data.gdeltproject.org/gdeltv2/20221207121500.gkg.csv.zip,135
2022-12-08,20221208121500,http://data.gdeltproject.org/gdeltv2/20221208121500.gkg.csv.zip,128
2022-12-09,20221209121500,http://data.gdeltproject.org/gdeltv2/20221209121500.gkg.csv.zip,102
2022-12-10,20221210121500,http://data.gdeltproject.org/gdeltv2/20221210121500.gkg.csv.zip,42
2022-12-11,20221211121500,http://data.gdeltproject.org/gdeltv2/20221211121500.gkg.csv.zip,51
2022-12-12,20221212121500,http://data.gdeltproject.org/gdeltv2/20221212121500.gkg.csv.zip,111
2022-12-13,20221213121500,http://data.gdeltproject.org/gdeltv2/20221213121500.gkg.csv.zip,118
2022-12-14,20221214121500,http://data.gdeltproject.org/gdeltv2/20221214121500.gkg.csv.zip,110
2022-12-15,20221215121500,http://data.gdeltproject.org/gdeltv2/20221215121500.gkg.csv.zip,108
2022-12-16,20221216121500,http://data.gdeltproject.org/gdeltv2/20221216121500.gkg.csv.zip,126
2022-12-17,20221217121500,http://data.gdeltproject.org/gdeltv2/20221217121500.gkg.csv.zip,48
2022-12-18,20221218121500,http://data.gdeltproject.org/gdeltv2/20221218121500.gkg.csv.zip,54
2022-12-19,20221219121500,http://data.gdeltproject.org/gdeltv2/20221219121500.gkg.csv.zip,105
2022-12-20,20221220121500,http://data.gdeltproject.org/gdeltv2/20221220121500.gkg.csv.zip,114
2022-12-21,20221221121500,http://data.gdeltproject.org/gdeltv2/20221221121500.gkg.csv.zip,140
2022-12-22,20221222121500,http://data.gdeltproject.org/gdeltv2/20221222121500.gkg.csv.zip,134
2022-12-23,20221223121500,http://data.gdeltproject.org/gdeltv2/20221223121500.gkg.csv.zip,125
2022-12-24,20221224121500,http://data.gdeltproject.org/gdeltv2/20221224121500.gkg.csv.zip,52
2022-12-25,20221225121500,http://data.gdeltproject.org/gdeltv2/20221225121500.gkg.csv.zip,50
2022-12-26,20221226121500,http://data.gdeltproject.org/gdeltv2/20221226121500.gkg.csv.zip,72
2022-12-27,20221227121500,http://data.gdeltproject.org/gdeltv2/20221227121500.gkg.csv.zip,107
2022-12-28,20221228121500,http://data.gdeltproject.org/gdeltv2/20221228121500.gkg.csv.zip,89
2022-12-29,20221229121500,http://data.gdeltproject.org/gdeltv2/20221229121500.gkg.csv.zip,89
2022-12-30,20221230121500,http://data.gdeltproject.org/gdeltv2/20221230121500.gkg.csv.zip,69
2022-12-31,20221231121500,http://data.gdeltproject.org/gdeltv2/20221231121500.gkg.csv.zip,73
2023-01-01,20230101121500,http://data.gdeltproject.org/gdeltv2/20230101121500.gkg.csv.zip,64
2023-01-02,20230102121500,http://data.gdeltproject.org/gdeltv2/20230102121500.gkg.csv.zip,61
2023-01-03,20230103121500,http://data.gdeltproject.org/gdeltv2/20230103121500.gkg.csv.zip,105
2023-01-04,20230104121500,http://data.gdeltproject.org/gdeltv2/20230104121500.gkg.csv.zip,102
2023-01-05,20230105121500,http://data.gdeltproject.org/gdeltv2/20230105121500.gkg.csv.zip,153
2023-01-06,20230106121500,http://data.gdeltproject.org/gdeltv2/20230106121500.gkg.csv.zip,139
2023-01-07,20230107121500,http://data.gdeltproject.org/gdeltv2/20230107121500.gkg.csv.zip,56
2023-01-08,20230108121500,http://data.gdeltproject.org/gdeltv2/20230108121500.gkg.csv.zip,53
2023-01-09,20230109121500,http://data.gdeltproject.org/gdeltv2/20230109121500.gkg.csv.zip,137
2023-01-10,20230110121500,http://data.gdeltproject.org/gdeltv2/20230110121500.gkg.csv.zip,142
2023-01-11,20230111121500,http://data.gdeltproject.org/gdeltv2/20230111121500.gkg.csv.zip,127
2023-01-12,20230112121500,http://data.gdeltproject.org/gdeltv2/20230112121500.gkg.csv.zip,118
2023-01-13,20230113121500,http://data.gdeltproject.org/gdeltv2/20230113121500.gkg.csv.zip,101
2023-01-14,20230114121500,http://data.gdeltproject.org/gdeltv2/20230114121500.gkg.csv.zip,63
2023-01-15,20230115121500,http://data.gdeltproject.org/gdeltv2/20230115121500.gkg.csv.zip,27
2023-01-16,20230116121500,http://data.gdeltproject.org/gdeltv2/20230116121500.gkg.csv.zip,77
2023-01-17,20230117121500,http://data.gdeltproject.org/gdeltv2/20230117121500.gkg.csv.zip,102
2023-01-18,20230118121500,http://data.gdeltproject.org/gdeltv2/20230118121500.gkg.csv.zip,122
2023-01-19,20230119121500,http://data.gdeltproject.org/gdeltv2/20230119121500.gkg.csv.zip,108
2023-01-20,20230120121500,http://data.gdeltproject.org/gdeltv2/20230120121500.gkg.csv.zip,150
2023-01-21,20230121121500,http://data.gdeltproject.org/gdeltv2/20230121121500.gkg.csv.zip,34
2023-01-22,20230122121500,http://data.gdeltproject.org/gdeltv2/20230122121500.gkg.csv.zip,47
2023-01-23,20230123121500,http://data.gdeltproject.org/gdeltv2/20230123121500.gkg.csv.zip,114
2023-01-24,20230124121500,http://data.gdeltproject.org/gdeltv2/20230124121500.gkg.csv.zip,116
2023-01-25,20230125121500,http://data.gdeltproject.org/gdeltv2/20230125121500.gkg.csv.zip,86
2023-01-26,20230126121500,http://data.gdeltproject.org/gdeltv2/20230126121500.gkg.csv.zip,141
2023-01-27,20230127121500,http://data.gdeltproject.org/gdeltv2/20230127121500.gkg.csv.zip,143
2023-01-28,20230128121500,http://data.gdeltproject.org/gdeltv2/20230128121500.gkg.csv.zip,59
2023-01-29,20230129121500,http://data.gdeltproject.org/gdeltv2/20230129121500.gkg.csv.zip,100
2023-01-30,20230130121500,http://data.gdeltproject.org/gdeltv2/20230130121500.gkg.csv.zip,82
2023-01-31,20230131121500,http://data.gdeltproject.org/gdeltv2/20230131121500.gkg.csv.zip,125
2023-02-01,20230201121500,http://data.gdeltproject.org/gdeltv2/20230201121500.gkg.csv.zip,120
2023-02-02,20230202121500,http://data.gdeltproject.org/gdeltv2/20230202121500.gkg.csv.zip,107
2023-02-03,20230203121500,http://data.gdeltproject.org/gdeltv2/20230203121500.gkg.csv.zip,118
2023-02-04,20230204121500,http://data.gdeltproject.org/gdeltv2/20230204121500.gkg.csv.zip,61
2023-02-05,20230205121500,http://data.gdeltproject.org/gdeltv2/20230205121500.gkg.csv.zip,53
2023-02-06,20230206121500,http://data.gdeltproject.org/gdeltv2/20230206121500.gkg.csv.zip,89
2023-02-07,20230207121500,http://data.gdeltproject.org/gdeltv2/20230207121500.gkg.csv.zip,114
2023-02-08,20230208121500,http://data.gdeltproject.org/gdeltv2/20230208121500.gkg.csv.zip,140
2023-02-09,20230209121500,http://data.gdeltproject.org/gdeltv2/20230209121500.gkg.csv.zip,136
2023-02-10,20230210121500,http://data.gdeltproject.org/gdeltv2/20230210121500.gkg.csv.zip,123
2023-02-11,20230211121500,http://data.gdeltproject.org/gdeltv2/20230211121500.gkg.csv.zip,58
2023-02-12,20230212121500,http://data.gdeltproject.org/gdeltv2/20230212121500.gkg.csv.zip,64
2023-02-13,20230213121500,http://data.gdeltproject.org/gdeltv2/20230213121500.gkg.csv.zip,137
2023-02-14,20230214121500,http://data.gdeltproject.org/gdeltv2/20230214121500.gkg.csv.zip,82
2023-02-15,20230215121500,http://data.gdeltproject.org/gdeltv2/20230215121500.gkg.csv.zip,133
2023-02-16,20230216121500,http://data.gdeltproject.org/gdeltv2/20230216121500.gkg.csv.zip,148
2023-02-17,20230217121500,http://data.gdeltproject.org/gdeltv2/20230217121500.gkg.csv.zip,116
2023-02-18,20230218121500,http://data.gdeltproject.org/gdeltv2/20230218121500.gkg.csv.zip,54
2023-02-19,20230219121500,http://data.gdeltproject.org/gdeltv2/20230219121500.gkg.csv.zip,51
2023-02-20,20230220121500,http://data.gdeltproject.org/gdeltv2/20230220121500.gkg.csv.zip,112
2023-02-21,20230221121500,http://data.gdeltproject.org/gdeltv2/20230221121500.gkg.csv.zip,100
2023-02-22,20230222121500,http://data.gdeltproject.org/gdeltv2/20230222121500.gkg.csv.zip,78
2023-02-23,20230223121500,http://data.gdeltproject.org/gdeltv2/20230223121500.gkg.csv.zip,97
2023-02-24,20230224121500,http://data.gdeltproject.org/gdeltv2/20230224121500.gkg.csv.zip,68
2023-02-25,20230225121500,http://data.gdeltproject.org/gdeltv2/20230225121500.gkg.csv.zip,61
2023-02-26,20230226121500,http://data.gdeltproject.org/gdeltv2/20230226121500.gkg.csv.zip,45
2023-02-27,20230227121500,http://data.gdeltproject.org/gdeltv2/20230227121500.gkg.csv.zip,92
2023-02-28,20230228121500,http://data.gdeltproject.org/gdeltv2/20230228121500.gkg.csv.zip,163
2023-03-01,20230301121500,http://data.gdeltproject.org/gdeltv2/20230301121500.gkg.csv.zip,150
2023-03-02,20230302121500,http://data.gdeltproject.org/gdeltv2/20230302121500.gkg.csv.zip,115
2023-03-03,20230303121500,http://data.gdeltproject.org/gdeltv2/20230303121500.gkg.csv.zip,90
2023-03-04,20230304121500,http://data.gdeltproject.org/gdeltv2/20230304121500.gkg.csv.zip,66
2023-03-05,20230305121500,http://data.gdeltproject.org/gdeltv2/20230305121500.gkg.csv.zip,42
2023-03-06,20230306121500,http://data.gdeltproject.org/gdeltv2/20230306121500.gkg.csv.zip,97
2023-03-07,20230307121500,http://data.gdeltproject.org/gdeltv2/20230307121500.gkg.csv.zip,128
2023-03-08,20230308121500,http://data.gdeltproject.org/gdeltv2/20230308121500.gkg.csv.zip,133
2023-03-09,20230309121500,http://data.gdeltproject.org/gdeltv2/20230309121500.gkg.csv.zip,103
2023-03-10,20230310121500,http://data.gdeltproject.org/gdeltv2/20230310121500.gkg.csv.zip,110
2023-03-11,20230311121500,http://data.gdeltproject.org/gdeltv2/20230311121500.gkg.csv.zip,58
2023-03-12,20230312121500,http://data.gdeltproject.org/gdeltv2/20230312121500.gkg.csv.zip,55
2023-03-13,20230313121500,http://data.gdeltproject.org/gdeltv2/20230313121500.gkg.csv.zip,86
2023-03-14,20230314121500,http://data.gdeltproject.org/gdeltv2/20230314121500.gkg.csv.zip,105
2023-03-15,20230315121500,http://data.gdeltproject.org/gdeltv2/20230315121500.gkg.csv.zip,98
2023-03-16,20230316121500,http://data.gdeltproject.org/gdeltv2/20230316121500.gkg.csv.zip,111
2023-03-17,20230317121500,http://data.gdeltproject.org/gdeltv2/20230317121500.gkg.csv.zip,110
2023-03-18,20230318121500,http://data.gdeltproject.org/gdeltv2/20230318121500.gkg.csv.zip,47
2023-03-19,20230319121500,http://data.gdeltproject.org/gdeltv2/20230319121500.gkg.csv.zip,52
2023-03-20,20230320121500,http://data.gdeltproject.org/gdeltv2/20230320121500.gkg.csv.zip,110
2023-03-21,20230321121500,http://data.gdeltproject.org/gdeltv2/20230321121500.gkg.csv.zip,151
2023-03-22,20230322121500,http://data.gdeltproject.org/gdeltv2/20230322121500.gkg.csv.zip,0
2023-03-23,20230323121500,http://data.gdeltproject.org/gdeltv2/20230323121500.gkg.csv.zip,0
2023-03-24,20230324121500,http://data.gdeltproject.org/gdeltv2/20230324121500.gkg.csv.zip,254
2023-03-25,20230325121500,http://data.gdeltproject.org/gdeltv2/20230325121500.gkg.csv.zip,118
2023-03-26,20230326121500,http://data.gdeltproject.org/gdeltv2/20230326121500.gkg.csv.zip,108
2023-03-27,20230327121500,http://data.gdeltproject.org/gdeltv2/20230327121500.gkg.csv.zip,218
2023-03-28,20230328121500,http://data.gdeltproject.org/gdeltv2/20230328121500.gkg.csv.zip,205
2023-03-29,20230329121500,http://data.gdeltproject.org/gdeltv2/20230329121500.gkg.csv.zip,196
2023-03-30,20230330121500,http://data.gdeltproject.org/gdeltv2/20230330121500.gkg.csv.zip,293
2023-03-31,20230331121500,http://data.gdeltproject.org/gdeltv2/20230331121500.gkg.csv.zip,148
2023-04-01,20230401121500,http://data.gdeltproject.org/gdeltv2/20230401121500.gkg.csv.zip,109
2023-04-02,20230402121500,http://data.gdeltproject.org/gdeltv2/20230402121500.gkg.csv.zip,108
2023-04-03,20230403121500,http://data.gdeltproject.org/gdeltv2/20230403121500.gkg.csv.zip,159
2023-04-04,20230404121500,http://data.gdeltproject.org/gdeltv2/20230404121500.gkg.csv.zip,171
2023-04-05,20230405121500,http://data.gdeltproject.org/gdeltv2/20230405121500.gkg.csv.zip,131
2023-04-06,20230406121500,http://data.gdeltproject.org/gdeltv2/20230406121500.gkg.csv.zip,207
2023-04-07,20230407121500,http://data.gdeltproject.org/gdeltv2/20230407121500.gkg.csv.zip,116
2023-04-08,20230408121500,http://data.gdeltproject.org/gdeltv2/20230408121500.gkg.csv.zip,87
2023-04-09,20230409121500,http://data.gdeltproject.org/gdeltv2/20230409121500.gkg.csv.zip,37
2023-04-10,20230410121500,http://data.gdeltproject.org/gdeltv2/20230410121500.gkg.csv.zip,129
2023-04-11,20230411121500,http://data.gdeltproject.org/gdeltv2/20230411121500.gkg.csv.zip,215
2023-04-12,20230412121500,http://data.gdeltproject.org/gdeltv2/20230412121500.gkg.csv.zip,148
2023-04-13,20230413121500,http://data.gdeltproject.org/gdeltv2/20230413121500.gkg.csv.zip,178
2023-04-14,20230414121500,http://data.gdeltproject.org/gdeltv2/20230414121500.gkg.csv.zip,209
2023-04-15,20230415121500,http://data.gdeltproject.org/gdeltv2/20230415121500.gkg.csv.zip,103
2023-04-16,20230416121500,http://data.gdeltproject.org/gdeltv2/20230416121500.gkg.csv.zip,53
2023-04-17,20230417121500,http://data.gdeltproject.org/gdeltv2/20230417121500.gkg.csv.zip,159
2023-04-18,20230418121500,http://data.gdeltproject.org/gdeltv2/20230418121500.gkg.csv.zip,169
2023-04-19,20230419121500,http://data.gdeltproject.org/gdeltv2/20230419121500.gkg.csv.zip,135
2023-04-20,20230420121500,http://data.gdeltproject.org/gdeltv2/20230420121500.gkg.csv.zip,209
2023-04-21,20230421121500,http://data.gdeltproject.org/gdeltv2/20230421121500.gkg.csv.zip,133
2023-04-22,20230422121500,http://data.gdeltproject.org/gdeltv2/20230422121500.gkg.csv.zip,53
2023-04-23,20230423121500,http://data.gdeltproject.org/gdeltv2/20230423121500.gkg.csv.zip,83
2023-04-24,20230424121500,http://data.gdeltproject.org/gdeltv2/20230424121500.gkg.csv.zip,175
2023-04-25,20230425121500,http://data.gdeltproject.org/gdeltv2/20230425121500.gkg.csv.zip,279
2023-04-26,20230426121500,http://data.gdeltproject.org/gdeltv2/20230426121500.gkg.csv.zip,213
2023-04-27,20230427121500,http://data.gdeltproject.org/gdeltv2/20230427121500.gkg.csv.zip,222
2023-04-28,20230428121500,http://data.gdeltproject.org/gdeltv2/20230428121500.gkg.csv.zip,212
2023-04-29,20230429121500,http://data.gdeltproject.org/gdeltv2/20230429121500.gkg.csv.zip,60
2023-04-30,20230430121500,http://data.gdeltproject.org/gdeltv2/20230430121500.gkg.csv.zip,87
2023-05-01,20230501121500,http://data.gdeltproject.org/gdeltv2/20230501121500.gkg.csv.zip,121
2023-05-02,20230502121500,http://data.gdeltproject.org/gdeltv2/20230502121500.gkg.csv.zip,170
2023-05-03,20230503121500,http://data.gdeltproject.org/gdeltv2/20230503121500.gkg.csv.zip,197
2023-05-04,20230504121500,http://data.gdeltproject.org/gdeltv2/20230504121500.gkg.csv.zip,188
2023-05-05,20230505121500,http://data.gdeltproject.org/gdeltv2/20230505121500.gkg.csv.zip,169
2023-05-06,20230506121500,http://data.gdeltproject.org/gdeltv2/20230506121500.gkg.csv.zip,74
2023-05-07,20230507121500,http://data.gdeltproject.org/gdeltv2/20230507121500.gkg.csv.zip,60
2023-05-08,20230508121500,http://data.gdeltproject.org/gdeltv2/20230508121500.gkg.csv.zip,191
2023-05-09,20230509121500,http://data.gdeltproject.org/gdeltv2/20230509121500.gkg.csv.zip,166
2023-05-10,20230510121500,http://data.gdeltproject.org/gdeltv2/20230510121500.gkg.csv.zip,208
2023-05-11,20230511121500,http://data.gdeltproject.org/gdeltv2/20230511121500.gkg.csv.zip,159
2023-05-12,20230512121500,http://data.gdeltproject.org/gdeltv2/20230512121500.gkg.csv.zip,196
2023-05-13,20230513121500,http://data.gdeltproject.org/gdeltv2/20230513121500.gkg.csv.zip,72
2023-05-14,20230514121500,http://data.gdeltproject.org/gdeltv2/20230514121500.gkg.csv.zip,128
2023-05-15,20230515121500,http://data.gdeltproject.org/gdeltv2/20230515121500.gkg.csv.zip,202
2023-05-16,20230516121500,http://data.gdeltproject.org/gdeltv2/20230516121500.gkg.csv.zip,175
2023-05-17,20230517121500,http://data.gdeltproject.org/gdeltv2/20230517121500.gkg.csv.zip,224
2023-05-18,20230518121500,http://data.gdeltproject.org/gdeltv2/20230518121500.gkg.csv.zip,155
2023-05-19,20230519121500,http://data.gdeltproject.org/gdeltv2/20230519121500.gkg.csv.zip,155
2023-05-20,20230520121500,http://data.gdeltproject.org/gdeltv2/20230520121500.gkg.csv.zip,60
2023-05-21,20230521121500,http://data.gdeltproject.org/gdeltv2/20230521121500.gkg.csv.zip,73
2023-05-22,20230522121500,http://data.gdeltproject.org/gdeltv2/20230522121500.gkg.csv.zip,177
2023-05-23,20230523121500,http://data.gdeltproject.org/gdeltv2/20230523121500.gkg.csv.zip,173
2023-05-24,20230524121500,http://data.gdeltproject.org/gdeltv2/20230524121500.gkg.csv.zip,217
2023-05-25,20230525121500,http://data.gdeltproject.org/gdeltv2/20230525121500.gkg.csv.zip,178
2023-05-26,20230526121500,http://data.gdeltproject.org/gdeltv2/20230526121500.gkg.csv.zip,182
2023-05-27,20230527121500,http://data.gdeltproject.org/gdeltv2/20230527121500.gkg.csv.zip,68
2023-05-28,20230528121500,http://data.gdeltproject.org/gdeltv2/20230528121500.gkg.csv.zip,68
2023-05-29,20230529121500,http://data.gdeltproject.org/gdeltv2/20230529121500.gkg.csv.zip,135
2023-05-30,20230530121500,http://data.gdeltproject.org/gdeltv2/20230530121500.gkg.csv.zip,138
2023-05-31,20230531121500,http://data.gdeltproject.org/gdeltv2/20230531121500.gkg.csv.zip,171
2023-06-01,20230601121500,http://data.gdeltproject.org/gdeltv2/20230601121500.gkg.csv.zip,176
2023-06-02,20230602121500,http://data.gdeltproject.org/gdeltv2/20230602121500.gkg.csv.zip,144
2023-06-03,20230603121500,http://data.gdeltproject.org/gdeltv2/20230603121500.gkg.csv.zip,57
2023-06-04,20230604121500,http://data.gdeltproject.org/gdeltv2/20230604121500.gkg.csv.zip,89
2023-06-05,20230605121500,http://data.gdeltproject.org/gdeltv2/20230605121500.gkg.csv.zip,192
2023-06-06,20230606121500,http://data.gdeltproject.org/gdeltv2/20230606121500.gkg.csv.zip,219
2023-06-07,20230607121500,http://data.gdeltproject.org/gdeltv2/20230607121500.gkg.csv.zip,164
2023-06-08,20230608121500,http://data.gdeltproject.org/gdeltv2/20230608121500.gkg.csv.zip,143
2023-06-09,20230609121500,http://data.gdeltproject.org/gdeltv2/20230609121500.gkg.csv.zip,164
2023-06-10,20230610121500,http://data.gdeltproject.org/gdeltv2/20230610121500.gkg.csv.zip,112
2023-06-11,20230611121500,http://data.gdeltproject.org/gdeltv2/20230611121500.gkg.csv.zip,90
2023-06-12,20230612121500,http://data.gdeltproject.org/gdeltv2/20230612121500.gkg.csv.zip,125
2023-06-13,20230613121500,http://data.gdeltproject.org/gdeltv2/20230613121500.gkg.csv.zip,225
2023-06-14,20230614121500,http://data.gdeltproject.org/gdeltv2/20230614121500.gkg.csv.zip,125
2023-06-15,20230615121500,http://data.gdeltproject.org/gdeltv2/20230615121500.gkg.csv.zip,145
2023-06-16,20230616121500,http://data.gdeltproject.org/gdeltv2/20230616121500.gkg.csv.zip,170
2023-06-17,20230617121500,http://data.gdeltproject.org/gdeltv2/20230617121500.gkg.csv.zip,73
2023-06-18,20230618121500,http://data.gdeltproject.org/gdeltv2/20230618121500.gkg.csv.zip,86
2023-06-19,20230619121500,http://data.gdeltproject.org/gdeltv2/20230619121500.gkg.csv.zip,158
2023-06-20,20230620121500,http://data.gdeltproject.org/gdeltv2/20230620121500.gkg.csv.zip,171
2023-06-21,20230621121500,http://data.gdeltproject.org/gdeltv2/20230621121500.gkg.csv.zip,182
2023-06-22,20230622121500,http://data.gdeltproject.org/gdeltv2/20230622121500.gkg.csv.zip,159
2023-06-23,20230623121500,http://data.gdeltproject.org/gdeltv2/20230623121500.gkg.csv.zip,132
2023-06-24,20230624121500,http://data.gdeltproject.org/gdeltv2/20230624121500.gkg.csv.zip,59
2023-06-25,20230625121500,http://data.gdeltproject.org/gdeltv2/20230625121500.gkg.csv.zip,99
2023-06-26,20230626121500,http://data.gdeltproject.org/gdeltv2/20230626121500.gkg.csv.zip,199
2023-06-27,20230627121500,http://data.gdeltproject.org/gdeltv2/20230627121500.gkg.csv.zip,147
2023-06-28,20230628121500,http://data.gdeltproject.org/gdeltv2/20230628121500.gkg.csv.zip,127
2023-06-29,20230629121500,http://data.gdeltproject.org/gdeltv2/20230629121500.gkg.csv.zip,174
2023-06-30,20230630121500,http://data.gdeltproject.org/gdeltv2/20230630121500.gkg.csv.zip,158
2023-07-01,20230701121500,http://data.gdeltproject.org/gdeltv2/20230701121500.gkg.csv.zip,72
2023-07-02,20230702121500,http://data.gdeltproject.org/gdeltv2/20230702121500.gkg.csv.zip,52
2023-07-03,20230703121500,http://data.gdeltproject.org/gdeltv2/20230703121500.gkg.csv.zip,117
2023-07-04,20230704121500,http://data.gdeltproject.org/gdeltv2/20230704121500.gkg.csv.zip,128
2023-07-05,20230705121500,http://data.gdeltproject.org/gdeltv2/20230705121500.gkg.csv.zip,163
2023-07-06,20230706121500,http://data.gdeltproject.org/gdeltv2/20230706121500.gkg.csv.zip,144
2023-07-07,20230707121500,http://data.gdeltproject.org/gdeltv2/20230707121500.gkg.csv.zip,131
2023-07-08,20230708121500,http://data.gdeltproject.org/gdeltv2/20230708121500.gkg.csv.zip,60
2023-07-09,20230709121500,http://data.gdeltproject.org/gdeltv2/20230709121500.gkg.csv.zip,45
2023-07-10,20230710121500,http://data.gdeltproject.org/gdeltv2/20230710121500.gkg.csv.zip,115
2023-07-11,20230711121500,http://data.gdeltproject.org/gdeltv2/20230711121500.gkg.csv.zip,160
2023-07-12,20230712121500,http://data.gdeltproject.org/gdeltv2/20230712121500.gkg.csv.zip,151
2023-07-13,20230713121500,http://data.gdeltproject.org/gdeltv2/20230713121500.gkg.csv.zip,128
2023-07-14,20230714121500,http://data.gdeltproject.org/gdeltv2/20230714121500.gkg.csv.zip,102
2023-07-15,20230715121500,http://data.gdeltproject.org/gdeltv2/20230715121500.gkg.csv.zip,71
2023-07-16,20230716121500,http://data.gdeltproject.org/gdeltv2/20230716121500.gkg.csv.zip,44
2023-07-17,20230717121500,http://data.gdeltproject.org/gdeltv2/20230717121500.gkg.csv.zip,124
2023-07-18,20230718121500,http://data.gdeltproject.org/gdeltv2/20230718121500.gkg.csv.zip,206
2023-07-19,20230719121500,http://data.gdeltproject.org/gdeltv2/20230719121500.gkg.csv.zip,124
2023-07-20,20230720121500,http://data.gdeltproject.org/gdeltv2/20230720121500.gkg.csv.zip,180
2023-07-21,20230721121500,http://data.gdeltproject.org/gdeltv2/20230721121500.gkg.csv.zip,208
2023-07-22,20230722121500,http://data.gdeltproject.org/gdeltv2/20230722121500.gkg.csv.zip,58
2023-07-23,20230723121500,http://data.gdeltproject.org/gdeltv2/20230723121500.gkg.csv.zip,71
2023-07-24,20230724121500,http://data.gdeltproject.org/gdeltv2/20230724121500.gkg.csv.zip,115
2023-07-25,20230725121500,http://data.gdeltproject.org/gdeltv2/20230725121500.gkg.csv.zip,194
2023-07-26,20230726121500,http://data.gdeltproject.org/gdeltv2/20230726121500.gkg.csv.zip,135
2023-07-27,20230727121500,http://data.gdeltproject.org/gdeltv2/20230727121500.gkg.csv.zip,147
2023-07-28,20230728121500,http://data.gdeltproject.org/gdeltv2/20230728121500.gkg.csv.zip,143
2023-07-29,20230729121500,http://data.gdeltproject.org/gdeltv2/20230729121500.gkg.csv.zip,58
2023-07-30,20230730121500,http://data.gdeltproject.org/gdeltv2/20230730121500.gkg.csv.zip,54
2023-07-31,20230731121500,http://data.gdeltproject.org/gdeltv2/20230731121500.gkg.csv.zip,127
2023-08-01,20230801121500,http://data.gdeltproject.org/gdeltv2/20230801121500.gkg.csv.zip,125
2023-08-02,20230802121500,http://data.gdeltproject.org/gdeltv2/20230802121500.gkg.csv.zip,116
2023-08-03,20230803121500,http://data.gdeltproject.org/gdeltv2/20230803121500.gkg.csv.zip,132
2023-08-04,20230804121500,http://data.gdeltproject.org/gdeltv2/20230804121500.gkg.csv.zip,167
2023-08-05,20230805121500,http://data.gdeltproject.org/gdeltv2/20230805121500.gkg.csv.zip,54
2023-08-06,20230806121500,http://data.gdeltproject.org/gdeltv2/20230806121500.gkg.csv.zip,83
2023-08-07,20230807121500,http://data.gdeltproject.org/gdeltv2/20230807121500.gkg.csv.zip,100
2023-08-08,20230808121500,http://data.gdeltproject.org/gdeltv2/20230808121500.gkg.csv.zip,163
2023-08-09,20230809121500,http://data.gdeltproject.org/gdeltv2/20230809121500.gkg.csv.zip,129
2023-08-10,20230810121500,http://data.gdeltproject.org/gdeltv2/20230810121500.gkg.csv.zip,149
2023-08-11,20230811121500,http://data.gdeltproject.org/gdeltv2/20230811121500.gkg.csv.zip,149
2023-08-12,20230812121500,http://data.gdeltproject.org/gdeltv2/20230812121500.gkg.csv.zip,63
2023-08-13,20230813121500,http://data.gdeltproject.org/gdeltv2/20230813121500.gkg.csv.zip,55
2023-08-14,20230814121500,http://data.gdeltproject.org/gdeltv2/20230814121500.gkg.csv.zip,106
2023-08-15,20230815121500,http://data.gdeltproject.org/gdeltv2/20230815121500.gkg.csv.zip,160
2023-08-16,20230816121500,http://data.gdeltproject.org/gdeltv2/20230816121500.gkg.csv.zip,110
2023-08-17,20230817121500,http://data.gdeltproject.org/gdeltv2/20230817121500.gkg.csv.zip,189
2023-08-18,20230818121500,http://data.gdeltproject.org/gdeltv2/20230818121500.gkg.csv.zip,135
2023-08-19,20230819121500,http://data.gdeltproject.org/gdeltv2/20230819121500.gkg.csv.zip,62
2023-08-20,20230820121500,http://data.gdeltproject.org/gdeltv2/20230820121500.gkg.csv.zip,48
2023-08-21,20230821121500,http://data.gdeltproject.org/gdeltv2/20230821121500.gkg.csv.zip,121
2023-08-22,20230822121500,http://data.gdeltproject.org/gdeltv2/20230822121500.gkg.csv.zip,82
2023-08-23,20230823121500,http://data.gdeltproject.org/gdeltv2/20230823121500.gkg.csv.zip,112
2023-08-24,20230824121500,http://data.gdeltproject.org/gdeltv2/20230824121500.gkg.csv.zip,171
2023-08-25,20230825121500,http://data.gdeltproject.org/gdeltv2/20230825121500.gkg.csv.zip,104
2023-08-26,20230826121500,http://data.gdeltproject.org/gdeltv2/20230826121500.gkg.csv.zip,75
2023-08-27,20230827121500,http://data.gdeltproject.org/gdeltv2/20230827121500.gkg.csv.zip,64
2023-08-28,20230828121500,http://data.gdeltproject.org/gdeltv2/20230828121500.gkg.csv.zip,139
2023-08-29,20230829121500,http://data.gdeltproject.org/gdeltv2/20230829121500.gkg.csv.zip,138
2023-08-30,20230830121500,http://data.gdeltproject.org/gdeltv2/20230830121500.gkg.csv.zip,122
2023-08-31,20230831121500,http://data.gdeltproject.org/gdeltv2/20230831121500.gkg.csv.zip,107
2023-09-01,20230901121500,http://data.gdeltproject.org/gdeltv2/20230901121500.gkg.csv.zip,139
2023-09-02,20230902121500,http://data.gdeltproject.org/gdeltv2/20230902121500.gkg.csv.zip,55
2023-09-03,20230903121500,http://data.gdeltproject.org/gdeltv2/20230903121500.gkg.csv.zip,53
2023-09-04,20230904121500,http://data.gdeltproject.org/gdeltv2/20230904121500.gkg.csv.zip,101
2023-09-05,20230905121500,http://data.gdeltproject.org/gdeltv2/20230905121500.gkg.csv.zip,148
2023-09-06,20230906121500,http://data.gdeltproject.org/gdeltv2/20230906121500.gkg.csv.zip,132
2023-09-07,20230907121500,http://data.gdeltproject.org/gdeltv2/20230907121500.gkg.csv.zip,161
2023-09-08,20230908121500,http://data.gdeltproject.org/gdeltv2/20230908121500.gkg.csv.zip,117
2023-09-09,20230909121500,http://data.gdeltproject.org/gdeltv2/20230909121500.gkg.csv.zip,71
2023-09-10,20230910121500,http://data.gdeltproject.org/gdeltv2/20230910121500.gkg.csv.zip,65
2023-09-11,20230911121500,http://data.gdeltproject.org/gdeltv2/20230911121500.gkg.csv.zip,125
2023-09-12,20230912121500,http://data.gdeltproject.org/gdeltv2/20230912121500.gkg.csv.zip,122
2023-09-13,20230913121500,http://data.gdeltproject.org/gdeltv2/20230913121500.gkg.csv.zip,183
2023-09-14,20230914121500,http://data.gdeltproject.org/gdeltv2/20230914121500.gkg.csv.zip,145
2023-09-15,20230915121500,http://data.gdeltproject.org/gdeltv2/20230915121500.gkg.csv.zip,138
2023-09-16,20230916121500,http://data.gdeltproject.org/gdeltv2/20230916121500.gkg.csv.zip,66
2023-09-17,20230917121500,http://data.gdeltproject.org/gdeltv2/20230917121500.gkg.csv.zip,86
2023-09-18,20230918121500,http://data.gdeltproject.org/gdeltv2/20230918121500.gkg.csv.zip,128
2023-09-19,20230919121500,http://data.gdeltproject.org/gdeltv2/20230919121500.gkg.csv.zip,132
2023-09-20,20230920121500,http://data.gdeltproject.org/gdeltv2/20230920121500.gkg.csv.zip,122
2023-09-21,20230921121500,http://data.gdeltproject.org/gdeltv2/20230921121500.gkg.csv.zip,152
2023-09-22,20230922121500,http://data.gdeltproject.org/gdeltv2/20230922121500.gkg.csv.zip,112
2023-09-23,20230923121500,http://data.gdeltproject.org/gdeltv2/20230923121500.gkg.csv.zip,93
2023-09-24,20230924121500,http://data.gdeltproject.org/gdeltv2/20230924121500.gkg.csv.zip,88
2023-09-25,20230925121500,http://data.gdeltproject.org/gdeltv2/20230925121500.gkg.csv.zip,111
2023-09-26,20230926121500,http://data.gdeltproject.org/gdeltv2/20230926121500.gkg.csv.zip,175
2023-09-27,20230927121500,http://data.gdeltproject.org/gdeltv2/20230927121500.gkg.csv.zip,146
2023-09-28,20230928121500,http://data.gdeltproject.org/gdeltv2/20230928121500.gkg.csv.zip,113
2023-09-29,20230929121500,http://data.gdeltproject.org/gdeltv2/20230929121500.gkg.csv.zip,144
2023-09-30,20230930121500,http://data.gdeltproject.org/gdeltv2/20230930121500.gkg.csv.zip,128
2023-10-01,20231001121500,http://data.gdeltproject.org/gdeltv2/20231001121500.gkg.csv.zip,39
2023-10-02,20231002121500,http://data.gdeltproject.org/gdeltv2/20231002121500.gkg.csv.zip,131
2023-10-03,20231003121500,http://data.gdeltproject.org/gdeltv2/20231003121500.gkg.csv.zip,109
2023-10-04,20231004121500,http://data.gdeltproject.org/gdeltv2/20231004121500.gkg.csv.zip,156
2023-10-05,20231005121500,http://data.gdeltproject.org/gdeltv2/20231005121500.gkg.csv.zip,131
2023-10-06,20231006121500,http://data.gdeltproject.org/gdeltv2/20231006121500.gkg.csv.zip,144
2023-10-07,20231007121500,http://data.gdeltproject.org/gdeltv2/20231007121500.gkg.csv.zip,87
2023-10-08,20231008121500,http://data.gdeltproject.org/gdeltv2/20231008121500.gkg.csv.zip,58
2023-10-09,20231009121500,http://data.gdeltproject.org/gdeltv2/20231009121500.gkg.csv.zip,150
2023-10-10,20231010121500,http://data.gdeltproject.org/gdeltv2/20231010121500.gkg.csv.zip,120
2023-10-11,20231011121500,http://data.gdeltproject.org/gdeltv2/20231011121500.gkg.csv.zip,116
2023-10-12,20231012121500,http://data.gdeltproject.org/gdeltv2/20231012121500.gkg.csv.zip,168
2023-10-13,20231013121500,http://data.gdeltproject.org/gdeltv2/20231013121500.gkg.csv.zip,120
2023-10-14,20231014121500,http://data.gdeltproject.org/gdeltv2/20231014121500.gkg.csv.zip,56
2023-10-15,20231015121500,http://data.gdeltproject.org/gdeltv2/20231015121500.gkg.csv.zip,47
2023-10-16,20231016121500,http://data.gdeltproject.org/gdeltv2/20231016121500.gkg.csv.zip,80
2023-10-17,20231017121500,http://data.gdeltproject.org/gdeltv2/20231017121500.gkg.csv.zip,131
2023-10-18,20231018121500,http://data.gdeltproject.org/gdeltv2/20231018121500.gkg.csv.zip,88
2023-10-19,20231019121500,http://data.gdeltproject.org/gdeltv2/20231019121500.gkg.csv.zip,160
2023-10-20,20231020121500,http://data.gdeltproject.org/gdeltv2/20231020121500.gkg.csv.zip,88
2023-10-21,20231021121500,http://data.gdeltproject.org/gdeltv2/20231021121500.gkg.csv.zip,40
2023-10-22,20231022121500,http://data.gdeltproject.org/gdeltv2/20231022121500.gkg.csv.zip,47
2023-10-23,20231023121500,http://data.gdeltproject.org/gdeltv2/20231023121500.gkg.csv.zip,100
2023-10-24,20231024121500,http://data.gdeltproject.org/gdeltv2/20231024121500.gkg.csv.zip,120
2023-10-25,20231025121500,http://data.gdeltproject.org/gdeltv2/20231025121500.gkg.csv.zip,108
2023-10-26,20231026121500,http://data.gdeltproject.org/gdeltv2/20231026121500.gkg.csv.zip,146
2023-10-27,20231027121500,http://data.gdeltproject.org/gdeltv2/20231027121500.gkg.csv.zip,105
2023-10-28,20231028121500,http://data.gdeltproject.org/gdeltv2/20231028121500.gkg.csv.zip,66
2023-10-29,20231029121500,http://data.gdeltproject.org/gdeltv2/20231029121500.gkg.csv.zip,46
2023-10-30,20231030121500,http://data.gdeltproject.org/gdeltv2/20231030121500.gkg.csv.zip,126
2023-10-31,20231031121500,http://data.gdeltproject.org/gdeltv2/20231031121500.gkg.csv.zip,161
2023-11-01,20231101121500,http://data.gdeltproject.org/gdeltv2/20231101121500.gkg.csv.zip,145
2023-11-02,20231102121500,http://data.gdeltproject.org/gdeltv2/20231102121500.gkg.csv.zip,137
2023-11-03,20231103121500,http://data.gdeltproject.org/gdeltv2/20231103121500.gkg.csv.zip,108
2023-11-04,20231104121500,http://data.gdeltproject.org/gdeltv2/20231104121500.gkg.csv.zip,36
2023-11-05,20231105121500,http://data.gdeltproject.org/gdeltv2/20231105121500.gkg.csv.zip,62
2023-11-06,20231106121500,http://data.gdeltproject.org/gdeltv2/20231106121500.gkg.csv.zip,125
2023-11-07,20231107121500,http://data.gdeltproject.org/gdeltv2/20231107121500.gkg.csv.zip,95
2023-11-08,20231108121500,http://data.gdeltproject.org/gdeltv2/20231108121500.gkg.csv.zip,113
2023-11-09,20231109121500,http://data.gdeltproject.org/gdeltv2/20231109121500.gkg.csv.zip,110
2023-11-10,20231110121500,http://data.gdeltproject.org/gdeltv2/20231110121500.gkg.csv.zip,165
2023-11-11,20231111121500,http://data.gdeltproject.org/gdeltv2/20231111121500.gkg.csv.zip,70
2023-11-12,20231112121500,http://data.gdeltproject.org/gdeltv2/20231112121500.gkg.csv.zip,55
2023-11-13,20231113121500,http://data.gdeltproject.org/gdeltv2/20231113121500.gkg.csv.zip,106
2023-11-14,20231114121500,http://data.gdeltproject.org/gdeltv2/20231114121500.gkg.csv.zip,128
2023-11-15,20231115121500,http://data.gdeltproject.org/gdeltv2/20231115121500.gkg.csv.zip,93
2023-11-16,20231116121500,http://data.gdeltproject.org/gdeltv2/20231116121500.gkg.csv.zip,108
2023-11-17,20231117121500,http://data.gdeltproject.org/gdeltv2/20231117121500.gkg.csv.zip,100
2023-11-18,20231118121500,http://data.gdeltproject.org/gdeltv2/20231118121500.gkg.csv.zip,38
2023-11-19,20231119121500,http://data.gdeltproject.org/gdeltv2/20231119121500.gkg.csv.zip,42
2023-11-20,20231120121500,http://data.gdeltproject.org/gdeltv2/20231120121500.gkg.csv.zip,93
2023-11-21,20231121121500,http://data.gdeltproject.org/gdeltv2/20231121121500.gkg.csv.zip,100
2023-11-22,20231122121500,http://data.gdeltproject.org/gdeltv2/20231122121500.gkg.csv.zip,119
2023-11-23,20231123121500,http://data.gdeltproject.org/gdeltv2/20231123121500.gkg.csv.zip,154
2023-11-24,20231124121500,http://data.gdeltproject.org/gdeltv2/20231124121500.gkg.csv.zip,77
2023-11-25,20231125121500,http://data.gdeltproject.org/gdeltv2/20231125121500.gkg.csv.zip,50
2023-11-26,20231126121500,http://data.gdeltproject.org/gdeltv2/20231126121500.gkg.csv.zip,46
2023-11-27,20231127121500,http://data.gdeltproject.org/gdeltv2/20231127121500.gkg.csv.zip,133
2023-11-28,20231128121500,http://data.gdeltproject.org/gdeltv2/20231128121500.gkg.csv.zip,111
2023-11-29,20231129121500,http://data.gdeltproject.org/gdeltv2/20231129121500.gkg.csv.zip,74
2023-11-30,20231130121500,http://data.gdeltproject.org/gdeltv2/20231130121500.gkg.csv.zip,109
2023-12-01,20231201121500,http://data.gdeltproject.org/gdeltv2/20231201121500.gkg.csv.zip,117
2023-12-02,20231202121500,http://data.gdeltproject.org/gdeltv2/20231202121500.gkg.csv.zip,48
2023-12-03,20231203121500,http://data.gdeltproject.org/gdeltv2/20231203121500.gkg.csv.zip,51
2023-12-04,20231204121500,http://data.gdeltproject.org/gdeltv2/20231204121500.gkg.csv.zip,90
2023-12-05,20231205121500,http://data.gdeltproject.org/gdeltv2/20231205121500.gkg.csv.zip,103
2023-12-06,20231206121500,http://data.gdeltproject.org/gdeltv2/20231206121500.gkg.csv.zip,145
2023-12-07,20231207121500,http://data.gdeltproject.org/gdeltv2/20231207121500.gkg.csv.zip,163
2023-12-08,20231208121500,http://data.gdeltproject.org/gdeltv2/20231208121500.gkg.csv.zip,93
2023-12-09,20231209121500,http://data.gdeltproject.org/gdeltv2/20231209121500.gkg.csv.zip,89
2023-12-10,20231210121500,http://data.gdeltproject.org/gdeltv2/20231210121500.gkg.csv.zip,92
2023-12-11,20231211121500,http://data.gdeltproject.org/gdeltv2/20231211121500.gkg.csv.zip,161
2023-12-12,20231212121500,http://data.gdeltproject.org/gdeltv2/20231212121500.gkg.csv.zip,108
2023-12-13,20231213121500,http://data.gdeltproject.org/gdeltv2/20231213121500.gkg.csv.zip,113
2023-12-14,20231214121500,http://data.gdeltproject.org/gdeltv2/20231214121500.gkg.csv.zip,126
2023-12-15,20231215121500,http://data.gdeltproject.org/gdeltv2/20231215121500.gkg.csv.zip,97
2023-12-16,20231216121500,http://data.gdeltproject.org/gdeltv2/20231216121500.gkg.csv.zip,46
2023-12-17,20231217121500,http://data.gdeltproject.org/gdeltv2/20231217121500.gkg.csv.zip,77
2023-12-18,20231218121500,http://data.gdeltproject.org/gdeltv2/20231218121500.gkg.csv.zip,121
2023-12-19,20231219121500,http://data.gdeltproject.org/gdeltv2/20231219121500.gkg.csv.zip,97
2023-12-20,20231220121500,http://data.gdeltproject.org/gdeltv2/20231220121500.gkg.csv.zip,122
2023-12-21,20231221121500,http://data.gdeltproject.org/gdeltv2/20231221121500.gkg.csv.zip,95
2023-12-22,20231222121500,http://data.gdeltproject.org/gdeltv2/20231222121500.gkg.csv.zip,90
2023-12-23,20231223121500,http://data.gdeltproject.org/gdeltv2/20231223121500.gkg.csv.zip,35
2023-12-24,20231224121500,http://data.gdeltproject.org/gdeltv2/20231224121500.gkg.csv.zip,39
2023-12-25,20231225121500,http://data.gdeltproject.org/gdeltv2/20231225121500.gkg.csv.zip,44
2023-12-26,20231226121500,http://data.gdeltproject.org/gdeltv2/20231226121500.gkg.csv.zip,46
2023-12-27,20231227121500,http://data.gdeltproject.org/gdeltv2/20231227121500.gkg.csv.zip,70
2023-12-28,20231228121500,http://data.gdeltproject.org/gdeltv2/20231228121500.gkg.csv.zip,91
2023-12-29,20231229121500,http://data.gdeltproject.org/gdeltv2/20231229121500.gkg.csv.zip,104
2023-12-30,20231230121500,http://data.gdeltproject.org/gdeltv2/20231230121500.gkg.csv.zip,54
2023-12-31,20231231121500,http://data.gdeltproject.org/gdeltv2/20231231121500.gkg.csv.zip,43
2024-01-01,20240101121500,http://data.gdeltproject.org/gdeltv2/20240101121500.gkg.csv.zip,59
